[
  {
    "value": "참치김밥",
    "synonyms": [
      "참치김밥",
      "참치 김밥"
    ]
  },
  {
    "value": "김치김밥",
    "synonyms": [
      "김치김밥",
      "김치 김밥"
    ]
  },
  {
    "value": "원조김밥",
    "synonyms": [
      "원조김밥",
      "야채김밥",
      "야채 김밥"
    ]
  },
  {
    "value": "고추김밥",
    "synonyms": [
      "고추김밥",
      "고추 김밥"
    ]
  },
  {
    "value": "치즈김밥",
    "synonyms": [
      "치즈김밥",
      "치즈 김밥"
    ]
  },
  {
    "value": "소고기김밥",
    "synonyms": [
      "소고기김밥",
      "고기김밥",
      "소고기 김밥"
    ]
  },
  {
    "value": "왕새우김밥",
    "synonyms": [
      "왕새우김밥",
      "새우김밥",
      "새우튀김김밥",
      "새우 김밥"
    ]
  },
  {
    "value": "왕소세지김밥",
    "synonyms": [
      "왕소세지김밥",
      "소세지김밥",
      "소세지 김밥"
    ]
  },
  {
    "value": "매콤멸치김밥",
    "synonyms": [
      "매콤멸치김밥",
      "멸치김밥"
    ]
  },
  {
    "value": "고추참치김밥",
    "synonyms": [
      "고추참치김밥"
    ]
  },
  {
    "value": "참치김치덮밥",
    "synonyms": [
      "참치김치덮밥",
      "김치참치덮밥"
    ]
  },
  {
    "value": "오징어덮밥",
    "synonyms": [
      "오징어덮밥"
    ]
  },
  {
    "value": "제육덮밥",
    "synonyms": [
      "제육덮밥",
      "고기덮밥"
    ]
  },
  {
    "value": "낙지덮밥",
    "synonyms": [
      "낙지덮밥"
    ]
  },
  {
    "value": "비빔밥",
    "synonyms": [
      "비빔밥"
    ]
  },
  {
    "value": "김치볶음밥",
    "synonyms": [
      "김치볶음밥",
      "김치 볶음밥"
    ]
  },
  {
    "value": "치즈김치볶음밥",
    "synonyms": [
      "치즈김치볶음밥",
      "김치치즈볶음밥"
    ]
  },
  {
    "value": "참치김치볶음밥",
    "synonyms": [
      "참치김치볶음밥",
      "김치참치볶음밥"
    ]
  },
  {
    "value": "돈까스",
    "synonyms": [
      "돈까스",
      "돈가스"
    ]
  }
]