[
  {
    "id": "2ea7ce9f-0ab9-48d4-951c-1dc8c719fbba",
    "data": [
      {
        "text": "주문취소",
        "userDefined": false
      }
    ],
    "isTemplate": false,
    "count": 0,
    "lang": "ko",
    "updated": 0
  },
  {
    "id": "cdce1d3c-b7cf-4c8a-8954-d7e056ad96e6",
    "data": [
      {
        "text": "주문",
        "userDefined": false
      },
      {
        "text": " 안할거야",
        "userDefined": false
      }
    ],
    "isTemplate": false,
    "count": 0,
    "lang": "ko",
    "updated": 0
  },
  {
    "id": "50c58d91-7194-488c-b301-e832b7555b05",
    "data": [
      {
        "text": "주문",
        "userDefined": false
      },
      {
        "text": "안할거야",
        "userDefined": false
      }
    ],
    "isTemplate": false,
    "count": 0,
    "lang": "ko",
    "updated": 0
  },
  {
    "id": "945255ab-e929-4cfe-90af-5aff52adc416",
    "data": [
      {
        "text": "주문",
        "userDefined": false
      },
      {
        "text": "안함",
        "userDefined": false
      }
    ],
    "isTemplate": false,
    "count": 0,
    "lang": "ko",
    "updated": 0
  },
  {
    "id": "26f000ea-ff89-41a2-bac9-ad30e240220a",
    "data": [
      {
        "text": "주문",
        "userDefined": false
      },
      {
        "text": "안해",
        "userDefined": false
      }
    ],
    "isTemplate": false,
    "count": 0,
    "lang": "ko",
    "updated": 0
  },
  {
    "id": "55ef973c-ad4c-43f5-a186-93a254540f11",
    "data": [
      {
        "text": "주문",
        "userDefined": false
      },
      {
        "text": " 안해",
        "userDefined": false
      }
    ],
    "isTemplate": false,
    "count": 0,
    "lang": "ko",
    "updated": 0
  },
  {
    "id": "ac931c39-ae5d-4506-bcb4-23fb28779c51",
    "data": [
      {
        "text": "주문",
        "userDefined": false
      },
      {
        "text": " 안할건데",
        "userDefined": false
      }
    ],
    "isTemplate": false,
    "count": 0,
    "lang": "ko",
    "updated": 0
  },
  {
    "id": "a1b2e259-5e0d-4bdf-bd24-c607f236a443",
    "data": [
      {
        "text": "조금 더 생각해볼게",
        "userDefined": false
      }
    ],
    "isTemplate": false,
    "count": 0,
    "lang": "ko",
    "updated": 0
  },
  {
    "id": "91073fa2-ef63-4dd2-9556-3dea1e68ff7f",
    "data": [
      {
        "text": "아니 ",
        "userDefined": false
      },
      {
        "text": "주문",
        "userDefined": false
      },
      {
        "text": "안할게",
        "userDefined": false
      }
    ],
    "isTemplate": false,
    "count": 0,
    "lang": "ko",
    "updated": 0
  },
  {
    "id": "a9baaf9f-b942-4fd4-99f9-dd84eae21347",
    "data": [
      {
        "text": "아니 ",
        "userDefined": false
      },
      {
        "text": "주문",
        "userDefined": false
      },
      {
        "text": "안할래",
        "userDefined": false
      }
    ],
    "isTemplate": false,
    "count": 0,
    "lang": "ko",
    "updated": 0
  },
  {
    "id": "784738bb-f199-4359-9e3d-aac2a131c16c",
    "data": [
      {
        "text": "아니",
        "userDefined": false
      }
    ],
    "isTemplate": false,
    "count": 0,
    "lang": "ko",
    "updated": 0
  }
]