[
  {
    "id": "291433f9-b1e2-41bb-85cc-3f431479277c",
    "data": [
      {
        "text": "예",
        "userDefined": false
      }
    ],
    "isTemplate": false,
    "count": 0,
    "lang": "ko",
    "updated": 0
  },
  {
    "id": "597d7772-5a9b-4dfd-b30d-175686dce760",
    "data": [
      {
        "text": "예 알겠습니다",
        "userDefined": false
      }
    ],
    "isTemplate": false,
    "count": 1,
    "lang": "ko",
    "updated": 0
  },
  {
    "id": "8c3527c1-c6df-42f5-9893-24def555a059",
    "data": [
      {
        "text": "네",
        "userDefined": false
      }
    ],
    "isTemplate": false,
    "count": 0,
    "lang": "ko",
    "updated": 0
  },
  {
    "id": "e406dff3-7121-4303-a1cd-deaf72cb1581",
    "data": [
      {
        "text": "네",
        "userDefined": false
      },
      {
        "text": " 알겠습니다",
        "userDefined": false
      }
    ],
    "isTemplate": false,
    "count": 0,
    "lang": "ko",
    "updated": 0
  },
  {
    "id": "197fe7b2-11cc-4048-b64e-d5fc2d5def26",
    "data": [
      {
        "text": "네",
        "userDefined": false
      },
      {
        "text": " 좋아요",
        "userDefined": false
      }
    ],
    "isTemplate": false,
    "count": 1,
    "lang": "ko",
    "updated": 0
  }
]