[
  {
    "id": "a08f46a6-e685-468c-ab2f-e4fbf6623cd3",
    "data": [
      {
        "text": "네",
        "userDefined": false
      },
      {
        "text": " 그렇게 ",
        "userDefined": false
      },
      {
        "text": "주문",
        "userDefined": false
      },
      {
        "text": "할게요",
        "userDefined": false
      }
    ],
    "isTemplate": false,
    "count": 0,
    "lang": "ko",
    "updated": 0
  },
  {
    "id": "0fe1fa48-e7ae-40f3-b1a4-d3556a9ffa95",
    "data": [
      {
        "text": "응 그렇게 ",
        "userDefined": false
      },
      {
        "text": "주문",
        "userDefined": false
      },
      {
        "text": "할게",
        "userDefined": false
      }
    ],
    "isTemplate": false,
    "count": 0,
    "lang": "ko",
    "updated": 0
  },
  {
    "id": "2187dfe6-195f-46f1-a9db-981519296fbe",
    "data": [
      {
        "text": "응 주문할게요",
        "userDefined": false
      }
    ],
    "isTemplate": false,
    "count": 0,
    "lang": "ko",
    "updated": 0
  },
  {
    "id": "cc2e1941-f6aa-4be9-9938-8cee738457a8",
    "data": [
      {
        "text": "네",
        "userDefined": false
      },
      {
        "text": " 주문할게요",
        "userDefined": false
      }
    ],
    "isTemplate": false,
    "count": 0,
    "lang": "ko",
    "updated": 0
  },
  {
    "id": "63445346-5b51-494c-bbfb-f3bf5355a4c5",
    "data": [
      {
        "text": "이렇게 ",
        "userDefined": false
      },
      {
        "text": "주문",
        "userDefined": false
      },
      {
        "text": "할게요",
        "userDefined": false
      }
    ],
    "isTemplate": false,
    "count": 0,
    "lang": "ko",
    "updated": 0
  },
  {
    "id": "0886026e-e2a9-44e2-9149-87fa79d679cb",
    "data": [
      {
        "text": "주문",
        "userDefined": false
      },
      {
        "text": "할게요",
        "userDefined": false
      }
    ],
    "isTemplate": false,
    "count": 0,
    "lang": "ko",
    "updated": 0
  },
  {
    "id": "42dcb0e0-da7a-4d46-8851-67e81468d8c3",
    "data": [
      {
        "text": "네",
        "userDefined": false
      },
      {
        "text": " ",
        "userDefined": false
      },
      {
        "text": "주문",
        "userDefined": false
      },
      {
        "text": "할게요",
        "userDefined": false
      }
    ],
    "isTemplate": false,
    "count": 0,
    "lang": "ko",
    "updated": 0
  },
  {
    "id": "addc5bea-e669-4772-b07f-fc66cbed2101",
    "data": [
      {
        "text": "네",
        "userDefined": false
      },
      {
        "text": " ",
        "userDefined": false
      },
      {
        "text": "주문",
        "userDefined": false
      },
      {
        "text": "하겠습니다",
        "userDefined": false
      }
    ],
    "isTemplate": false,
    "count": 1,
    "lang": "ko",
    "updated": 0
  }
]