[
  {
    "id": "d69dcb11-b0bf-4978-b68c-266c9b9142b3",
    "data": [
      {
        "text": "메뉴",
        "userDefined": false
      },
      {
        "text": "추천",
        "userDefined": false
      },
      {
        "text": "해줘",
        "userDefined": false
      }
    ],
    "isTemplate": false,
    "count": 0,
    "lang": "ko",
    "updated": 0
  },
  {
    "id": "3edd24b9-d4b4-4c56-ad15-1b482a030cdb",
    "data": [
      {
        "text": "추천",
        "userDefined": false
      },
      {
        "text": "받을래",
        "userDefined": false
      }
    ],
    "isTemplate": false,
    "count": 0,
    "lang": "ko",
    "updated": 0
  },
  {
    "id": "474a06e0-2c34-4f8d-b6c0-7bfa85158a6e",
    "data": [
      {
        "text": "추천",
        "userDefined": false
      }
    ],
    "isTemplate": false,
    "count": 0,
    "lang": "ko",
    "updated": 0
  },
  {
    "id": "022d436a-ba13-47bc-8d46-7938140a61fd",
    "data": [
      {
        "text": "추천",
        "userDefined": false
      },
      {
        "text": "해줘",
        "userDefined": false
      }
    ],
    "isTemplate": false,
    "count": 0,
    "lang": "ko",
    "updated": 0
  }
]