[
  {
    "id": "34555287-730d-4642-9a70-b70501848e6a",
    "data": [
      {
        "text": "안녕",
        "userDefined": false
      },
      {
        "text": " ",
        "userDefined": false
      },
      {
        "text": "주문",
        "userDefined": false
      },
      {
        "text": "할래",
        "userDefined": false
      }
    ],
    "isTemplate": false,
    "count": 0,
    "lang": "ko",
    "updated": 0
  },
  {
    "id": "944119e0-8b01-4404-81fa-e56e566818ad",
    "data": [
      {
        "text": "안녕하세요 ",
        "userDefined": false
      },
      {
        "text": "주문",
        "userDefined": false
      },
      {
        "text": "할게요",
        "userDefined": false
      }
    ],
    "isTemplate": false,
    "count": 0,
    "lang": "ko",
    "updated": 0
  },
  {
    "id": "6ea3ac83-d9fb-43ed-94cd-d5c3133ab42c",
    "data": [
      {
        "text": "안녕",
        "userDefined": false
      }
    ],
    "isTemplate": false,
    "count": 0,
    "lang": "ko",
    "updated": 0
  },
  {
    "id": "60af523f-b4c0-41c2-bd7a-71c137e8bd41",
    "data": [
      {
        "text": "안녕하세요.",
        "userDefined": false
      }
    ],
    "isTemplate": false,
    "count": 0,
    "lang": "ko",
    "updated": 0
  },
  {
    "id": "ea57884f-2af2-4d79-a263-2b2c3254da52",
    "data": [
      {
        "text": "주문",
        "userDefined": false
      },
      {
        "text": "하겠습니다.",
        "userDefined": false
      }
    ],
    "isTemplate": false,
    "count": 0,
    "lang": "ko",
    "updated": 0
  },
  {
    "id": "f84aec36-7ad1-4de5-819f-552045140f9e",
    "data": [
      {
        "text": "주문",
        "userDefined": false
      },
      {
        "text": "할게요",
        "userDefined": false
      }
    ],
    "isTemplate": false,
    "count": 0,
    "lang": "ko",
    "updated": 0
  },
  {
    "id": "0f5791b4-370e-4490-bedf-bf03cb11168b",
    "data": [
      {
        "text": "주문",
        "userDefined": false
      }
    ],
    "isTemplate": false,
    "count": 0,
    "lang": "ko",
    "updated": 0
  },
  {
    "id": "f741c629-301e-4934-8c11-e6522a76843b",
    "data": [
      {
        "text": "주문",
        "userDefined": false
      },
      {
        "text": "할게",
        "userDefined": false
      }
    ],
    "isTemplate": false,
    "count": 0,
    "lang": "ko",
    "updated": 0
  },
  {
    "id": "6a2c1000-5fa7-4892-b1e3-7b618d6f7b2f",
    "data": [
      {
        "text": "주",
        "userDefined": false
      },
      {
        "text": "문할래",
        "userDefined": false
      }
    ],
    "isTemplate": false,
    "count": 0,
    "lang": "ko",
    "updated": 0
  }
]