[
  {
    "id": "7dc65c9e-7665-4015-b992-33aa174b2244",
    "data": [
      {
        "text": "결제안하겠습니다",
        "userDefined": false
      }
    ],
    "isTemplate": false,
    "count": 0,
    "lang": "ko",
    "updated": 0
  },
  {
    "id": "ec741392-5ed4-4800-a5bc-e9a42fb9330c",
    "data": [
      {
        "text": "결제안할래",
        "userDefined": false
      }
    ],
    "isTemplate": false,
    "count": 0,
    "lang": "ko",
    "updated": 0
  },
  {
    "id": "625a9dd0-52b3-4c96-b5d3-1cee6e15aad1",
    "data": [
      {
        "text": "결제안해요",
        "userDefined": false
      }
    ],
    "isTemplate": false,
    "count": 0,
    "lang": "ko",
    "updated": 0
  },
  {
    "id": "23923a0a-f928-451a-8c8f-9bf7aa2c759b",
    "data": [
      {
        "text": "싫어요",
        "userDefined": false
      }
    ],
    "isTemplate": false,
    "count": 0,
    "lang": "ko",
    "updated": 0
  },
  {
    "id": "21913942-8f4d-4b8b-ab32-a16e76ce1f52",
    "data": [
      {
        "text": "아니오",
        "userDefined": false
      }
    ],
    "isTemplate": false,
    "count": 0,
    "lang": "ko",
    "updated": 0
  },
  {
    "id": "7a301e66-422e-4600-ae9b-bfb6a11fcd2a",
    "data": [
      {
        "text": "안할래",
        "userDefined": false
      }
    ],
    "isTemplate": false,
    "count": 0,
    "lang": "ko",
    "updated": 0
  },
  {
    "id": "2bec0f8f-985d-4dd2-a950-1c4860312088",
    "data": [
      {
        "text": "아니요",
        "userDefined": false
      }
    ],
    "isTemplate": false,
    "count": 0,
    "lang": "ko",
    "updated": 0
  },
  {
    "id": "0a75f9aa-a34f-4881-872f-3a80a9b18d66",
    "data": [
      {
        "text": "아니",
        "userDefined": false
      }
    ],
    "isTemplate": false,
    "count": 0,
    "lang": "ko",
    "updated": 0
  }
]